SaleID,ProductID,ProductName,Category,QuantitySold,PricePerUnit,TotalAmount,SaleDate
1,15,A4 Printing Paper (Ream),Office Supplies,2,10.19,20.38,2023-02-15
2,5,USB-C Hub,Accessories,4,79.19,316.76,2023-12-12
3,5,USB-C Hub,Accessories,4,51.81,207.24,2023-12-04
4,3,Mechanical Keyboard,Electronics,4,133.09,532.36,2023-06-06
5,2,Wireless Mouse,Electronics,8,36.4,291.2,2023-01-13
6,9,Cloud Computing Textbook,Books,3,84.86,254.58,2023-04-08
7,7,Standing Desk (Electric),Furniture,3,329.87,989.61,2023-08-27
8,1,"Laptop Pro 13""",Electronics,3,1323.92,3971.76,2023-03-09
9,8,Python Programming Book,Books,10,52.2,522.0,2023-07-06
10,4,"4K UHD Monitor 27""",Electronics,8,388.53,3108.24,2023-07-22
11,9,Cloud Computing Textbook,Books,1,44.97,44.97,2023-04-14
12,11,Webcam HD 1080p,Electronics,6,41.69,250.14,2023-08-30
13,10,Noise Cancelling Headphones,Electronics,5,130.4,652.0,2023-09-20
14,10,Noise Cancelling Headphones,Electronics,3,174.41,523.23,2023-06-16
15,12,Smartphone X,Electronics,5,1132.42,5662.1,2023-11-20
16,10,Noise Cancelling Headphones,Electronics,8,271.34,2170.72,2023-10-14
17,4,"4K UHD Monitor 27""",Electronics,4,269.89,1079.56,2023-10-27
18,4,"4K UHD Monitor 27""",Electronics,7,487.78,3414.46,2023-11-11
19,7,Standing Desk (Electric),Furniture,4,527.76,2111.04,2023-11-06
20,6,Office Chair Ergonomic,Furniture,8,341.81,2734.48,2023-08-08
21,3,Mechanical Keyboard,Electronics,6,156.2,937.2,2023-07-20
22,14,Printer All-in-One,Office Supplies,3,84.93,254.79,2023-07-02
23,1,"Laptop Pro 13""",Electronics,1,1406.82,1406.82,2023-12-19
24,2,Wireless Mouse,Electronics,7,38.8,271.6,2023-05-08
25,3,Mechanical Keyboard,Electronics,3,152.9,458.7,2023-08-11
26,10,Noise Cancelling Headphones,Electronics,5,133.03,665.15,2023-04-05
27,3,Mechanical Keyboard,Electronics,10,164.87,1648.7,2023-05-01
28,1,"Laptop Pro 13""",Electronics,9,976.58,8789.22,2023-01-28
29,14,Printer All-in-One,Office Supplies,10,87.96,879.6,2023-02-14
30,12,Smartphone X,Electronics,10,1173.58,11735.8,2023-11-19
31,6,Office Chair Ergonomic,Furniture,1,331.86,331.86,2023-03-24
32,4,"4K UHD Monitor 27""",Electronics,6,266.15,1596.9,2023-04-13
33,15,A4 Printing Paper (Ream),Office Supplies,4,5.69,22.76,2023-08-23
34,2,Wireless Mouse,Electronics,7,34.97,244.79,2023-05-02
35,3,Mechanical Keyboard,Electronics,6,70.78,424.68,2023-05-07
36,8,Python Programming Book,Books,7,56.44,395.08,2023-04-05
37,11,Webcam HD 1080p,Electronics,2,107.91,215.82,2023-11-17
38,7,Standing Desk (Electric),Furniture,7,665.04,4655.28,2023-10-19
39,15,A4 Printing Paper (Ream),Office Supplies,9,12.43,111.87,2023-04-02
40,9,Cloud Computing Textbook,Books,5,52.83,264.15,2023-08-30
41,13,Tablet S,Electronics,3,638.29,1914.87,2023-04-18
42,7,Standing Desk (Electric),Furniture,4,423.47,1693.88,2023-06-22
43,4,"4K UHD Monitor 27""",Electronics,3,428.02,1284.06,2023-08-23
44,9,Cloud Computing Textbook,Books,6,78.72,472.32,2023-08-15
45,2,Wireless Mouse,Electronics,2,41.66,83.32,2023-05-24
46,7,Standing Desk (Electric),Furniture,2,540.59,1081.18,2023-10-02
47,12,Smartphone X,Electronics,5,977.86,4889.3,2023-12-23
48,9,Cloud Computing Textbook,Books,10,50.52,505.2,2023-12-25
49,8,Python Programming Book,Books,9,59.26,533.34,2023-08-20
50,5,USB-C Hub,Accessories,4,37.18,148.72,2023-08-17
51,9,Cloud Computing Textbook,Books,3,41.98,125.94,2023-01-19
52,8,Python Programming Book,Books,4,25.56,102.24,2023-03-13
53,10,Noise Cancelling Headphones,Electronics,2,323.51,647.02,2023-03-29
54,12,Smartphone X,Electronics,7,799.09,5593.63,2023-06-13
55,3,Mechanical Keyboard,Electronics,3,72.72,218.16,2023-07-14
56,2,Wireless Mouse,Electronics,6,23.19,139.14,2023-02-15
57,11,Webcam HD 1080p,Electronics,3,42.68,128.04,2023-08-26
58,12,Smartphone X,Electronics,2,1134.12,2268.24,2023-05-31
59,10,Noise Cancelling Headphones,Electronics,4,236.05,944.2,2023-07-02
60,2,Wireless Mouse,Electronics,8,47.92,383.36,2023-07-05
61,1,"Laptop Pro 13""",Electronics,5,1479.77,7398.85,2023-11-20
62,9,Cloud Computing Textbook,Books,9,40.28,362.52,2023-07-24
63,11,Webcam HD 1080p,Electronics,5,93.74,468.7,2023-08-26
64,3,Mechanical Keyboard,Electronics,5,143.04,715.2,2023-08-06
65,13,Tablet S,Electronics,2,377.84,755.68,2023-04-26
66,12,Smartphone X,Electronics,3,1079.67,3239.01,2023-07-17
67,1,"Laptop Pro 13""",Electronics,2,902.89,1805.78,2023-05-07
68,9,Cloud Computing Textbook,Books,5,46.13,230.65,2023-11-25
69,11,Webcam HD 1080p,Electronics,5,89.04,445.2,2023-01-30
70,10,Noise Cancelling Headphones,Electronics,2,260.8,521.6,2023-05-14
71,8,Python Programming Book,Books,3,50.49,151.47,2023-07-28
72,6,Office Chair Ergonomic,Furniture,5,158.29,791.45,2023-06-05
73,13,Tablet S,Electronics,1,514.1,514.1,2023-05-03
74,11,Webcam HD 1080p,Electronics,8,49.79,398.32,2023-01-11
75,3,Mechanical Keyboard,Electronics,3,70.0,210.0,2023-07-31
76,9,Cloud Computing Textbook,Books,4,78.99,315.96,2023-05-10
77,2,Wireless Mouse,Electronics,3,21.29,63.87,2023-06-29
78,10,Noise Cancelling Headphones,Electronics,4,208.6,834.4,2023-07-04
79,8,Python Programming Book,Books,9,60.65,545.85,2023-10-17
80,12,Smartphone X,Electronics,9,823.99,7415.91,2023-06-08
81,1,"Laptop Pro 13""",Electronics,5,1087.17,5435.85,2023-04-07
82,6,Office Chair Ergonomic,Furniture,4,357.4,1429.6,2023-05-23
83,14,Printer All-in-One,Office Supplies,9,244.53,2200.77,2023-04-18
84,5,USB-C Hub,Accessories,9,53.35,480.15,2023-11-04
85,5,USB-C Hub,Accessories,6,65.68,394.08,2023-03-17
86,15,A4 Printing Paper (Ream),Office Supplies,1,12.13,12.13,2023-07-24
87,8,Python Programming Book,Books,6,46.53,279.18,2023-11-24
88,8,Python Programming Book,Books,3,42.47,127.41,2023-10-30
89,11,Webcam HD 1080p,Electronics,2,48.78,97.56,2023-10-13
90,6,Office Chair Ergonomic,Furniture,2,171.28,342.56,2023-06-20
91,15,A4 Printing Paper (Ream),Office Supplies,3,7.53,22.59,2023-01-06
92,8,Python Programming Book,Books,10,67.23,672.3,2023-08-17
93,1,"Laptop Pro 13""",Electronics,4,1362.39,5449.56,2023-01-14
94,13,Tablet S,Electronics,9,577.24,5195.16,2023-06-22
95,15,A4 Printing Paper (Ream),Office Supplies,8,10.3,82.4,2023-02-19
96,1,"Laptop Pro 13""",Electronics,10,1201.82,12018.2,2023-04-03
97,12,Smartphone X,Electronics,8,829.51,6636.08,2023-11-04
98,13,Tablet S,Electronics,8,618.66,4949.28,2023-11-26
99,6,Office Chair Ergonomic,Furniture,10,362.46,3624.6,2023-07-26
100,15,A4 Printing Paper (Ream),Office Supplies,2,10.47,20.94,2023-09-10
101,4,"4K UHD Monitor 27""",Electronics,3,364.12,1092.36,2023-12-28
102,2,Wireless Mouse,Electronics,4,40.68,162.72,2023-01-31
103,3,Mechanical Keyboard,Electronics,8,127.16,1017.28,2023-12-12
104,1,"Laptop Pro 13""",Electronics,8,1444.05,11552.4,2023-01-18
105,12,Smartphone X,Electronics,10,732.3,7323.0,2023-08-23
106,13,Tablet S,Electronics,3,550.14,1650.42,2023-09-06
107,12,Smartphone X,Electronics,3,752.25,2256.75,2023-06-04
108,7,Standing Desk (Electric),Furniture,4,437.49,1749.96,2023-08-23
109,8,Python Programming Book,Books,10,54.47,544.7,2023-02-13
110,1,"Laptop Pro 13""",Electronics,6,916.69,5500.14,2023-05-24
111,2,Wireless Mouse,Electronics,9,37.02,333.18,2023-03-23
112,15,A4 Printing Paper (Ream),Office Supplies,7,13.91,97.37,2023-01-31
113,8,Python Programming Book,Books,7,54.1,378.7,2023-04-18
114,12,Smartphone X,Electronics,2,1159.58,2319.16,2023-01-06
115,6,Office Chair Ergonomic,Furniture,7,186.1,1302.7,2023-06-04
116,13,Tablet S,Electronics,7,369.84,2588.88,2023-05-23
117,4,"4K UHD Monitor 27""",Electronics,9,358.77,3228.93,2023-06-12
118,10,Noise Cancelling Headphones,Electronics,10,244.56,2445.6,2023-01-07
119,15,A4 Printing Paper (Ream),Office Supplies,1,14.5,14.5,2023-11-28
120,13,Tablet S,Electronics,6,692.0,4152.0,2023-04-22
121,10,Noise Cancelling Headphones,Electronics,2,131.89,263.78,2023-12-22
122,3,Mechanical Keyboard,Electronics,7,191.55,1340.85,2023-11-13
123,11,Webcam HD 1080p,Electronics,6,82.09,492.54,2023-08-05
124,9,Cloud Computing Textbook,Books,3,50.41,151.23,2023-08-25
125,3,Mechanical Keyboard,Electronics,2,88.02,176.04,2023-05-04
126,8,Python Programming Book,Books,2,48.83,97.66,2023-09-28
127,13,Tablet S,Electronics,10,504.49,5044.9,2023-07-02
128,1,"Laptop Pro 13""",Electronics,7,1246.53,8725.71,2023-02-19
129,15,A4 Printing Paper (Ream),Office Supplies,1,8.91,8.91,2023-08-27
130,11,Webcam HD 1080p,Electronics,4,50.52,202.08,2023-02-19
131,1,"Laptop Pro 13""",Electronics,2,1194.68,2389.36,2023-04-15
132,10,Noise Cancelling Headphones,Electronics,1,308.29,308.29,2023-10-05
133,1,"Laptop Pro 13""",Electronics,5,1281.31,6406.55,2023-10-24
134,9,Cloud Computing Textbook,Books,6,88.76,532.56,2023-07-04
135,14,Printer All-in-One,Office Supplies,10,215.78,2157.8,2023-07-25
136,14,Printer All-in-One,Office Supplies,6,103.44,620.64,2023-09-13
137,1,"Laptop Pro 13""",Electronics,1,1267.94,1267.94,2023-05-22
138,8,Python Programming Book,Books,6,59.3,355.8,2023-06-10
139,9,Cloud Computing Textbook,Books,10,84.71,847.1,2023-11-21
140,5,USB-C Hub,Accessories,7,60.53,423.71,2023-06-21
141,4,"4K UHD Monitor 27""",Electronics,9,303.18,2728.62,2023-06-03
142,13,Tablet S,Electronics,9,333.35,3000.15,2023-09-15
143,13,Tablet S,Electronics,10,579.04,5790.4,2023-12-26
144,11,Webcam HD 1080p,Electronics,2,65.91,131.82,2023-12-21
145,9,Cloud Computing Textbook,Books,9,81.61,734.49,2023-07-26
146,12,Smartphone X,Electronics,5,613.81,3069.05,2023-10-28
147,7,Standing Desk (Electric),Furniture,4,677.65,2710.6,2023-06-12
148,12,Smartphone X,Electronics,5,935.14,4675.7,2023-05-16
149,13,Tablet S,Electronics,8,433.95,3471.6,2023-12-12
150,11,Webcam HD 1080p,Electronics,5,110.9,554.5,2023-06-15
151,1,"Laptop Pro 13""",Electronics,7,1125.71,7879.97,2023-12-15
152,15,A4 Printing Paper (Ream),Office Supplies,8,13.69,109.52,2023-06-06
153,10,Noise Cancelling Headphones,Electronics,3,347.45,1042.35,2023-09-04
154,2,Wireless Mouse,Electronics,7,33.86,237.02,2023-03-19
155,11,Webcam HD 1080p,Electronics,7,106.17,743.19,2023-07-11
156,6,Office Chair Ergonomic,Furniture,10,164.98,1649.8,2023-08-09
157,3,Mechanical Keyboard,Electronics,4,151.57,606.28,2023-06-11
158,6,Office Chair Ergonomic,Furniture,9,254.8,2293.2,2023-04-20
159,12,Smartphone X,Electronics,5,1186.35,5931.75,2023-12-14
160,9,Cloud Computing Textbook,Books,7,49.95,349.65,2023-05-17
161,10,Noise Cancelling Headphones,Electronics,10,170.0,1700.0,2023-12-11
162,7,Standing Desk (Electric),Furniture,7,446.02,3122.14,2023-07-27
163,1,"Laptop Pro 13""",Electronics,1,1075.3,1075.3,2023-10-25
164,10,Noise Cancelling Headphones,Electronics,9,110.44,993.96,2023-09-10
165,15,A4 Printing Paper (Ream),Office Supplies,1,13.01,13.01,2023-02-23
166,2,Wireless Mouse,Electronics,2,33.14,66.28,2023-01-15
167,6,Office Chair Ergonomic,Furniture,10,378.72,3787.2,2023-10-14
168,7,Standing Desk (Electric),Furniture,5,496.85,2484.25,2023-06-10
169,11,Webcam HD 1080p,Electronics,7,103.34,723.38,2023-10-06
170,15,A4 Printing Paper (Ream),Office Supplies,7,10.96,76.72,2023-07-10
171,12,Smartphone X,Electronics,8,839.08,6712.64,2023-08-28
172,13,Tablet S,Electronics,1,507.87,507.87,2023-01-02
173,12,Smartphone X,Electronics,6,928.43,5570.58,2023-01-22
174,13,Tablet S,Electronics,2,555.59,1111.18,2023-12-03
175,15,A4 Printing Paper (Ream),Office Supplies,8,11.83,94.64,2023-03-12
176,3,Mechanical Keyboard,Electronics,2,75.6,151.2,2023-11-15
177,7,Standing Desk (Electric),Furniture,4,362.05,1448.2,2023-02-05
178,8,Python Programming Book,Books,2,55.54,111.08,2023-09-17
179,15,A4 Printing Paper (Ream),Office Supplies,8,5.8,46.4,2023-09-30
180,9,Cloud Computing Textbook,Books,8,43.68,349.44,2023-10-06
181,14,Printer All-in-One,Office Supplies,10,213.96,2139.6,2023-11-08
182,10,Noise Cancelling Headphones,Electronics,8,310.9,2487.2,2023-05-19
183,7,Standing Desk (Electric),Furniture,3,414.17,1242.51,2023-11-23
184,13,Tablet S,Electronics,1,309.2,309.2,2023-05-02
185,10,Noise Cancelling Headphones,Electronics,9,105.64,950.76,2023-06-23
186,7,Standing Desk (Electric),Furniture,5,324.01,1620.05,2023-04-09
187,12,Smartphone X,Electronics,8,823.27,6586.16,2023-03-20
188,10,Noise Cancelling Headphones,Electronics,7,322.37,2256.59,2023-03-27
189,12,Smartphone X,Electronics,10,775.96,7759.6,2023-08-31
190,15,A4 Printing Paper (Ream),Office Supplies,9,14.66,131.94,2023-05-07
191,7,Standing Desk (Electric),Furniture,1,630.84,630.84,2023-09-30
192,12,Smartphone X,Electronics,5,1025.81,5129.05,2023-08-07
193,8,Python Programming Book,Books,8,35.99,287.92,2023-05-15
194,3,Mechanical Keyboard,Electronics,2,194.57,389.14,2023-01-13
195,12,Smartphone X,Electronics,7,793.36,5553.52,2023-06-08
196,6,Office Chair Ergonomic,Furniture,2,360.5,721.0,2023-04-03
197,11,Webcam HD 1080p,Electronics,6,88.72,532.32,2023-04-05
198,13,Tablet S,Electronics,7,493.96,3457.72,2023-07-02
199,11,Webcam HD 1080p,Electronics,8,116.45,931.6,2023-09-12
200,10,Noise Cancelling Headphones,Electronics,7,327.99,2295.93,2023-08-11
201,7,Standing Desk (Electric),Furniture,2,488.33,976.66,2023-06-14
202,6,Office Chair Ergonomic,Furniture,2,256.91,513.82,2023-09-08
203,7,Standing Desk (Electric),Furniture,6,406.37,2438.22,2023-03-06
204,2,Wireless Mouse,Electronics,1,42.49,42.49,2023-09-03
205,4,"4K UHD Monitor 27""",Electronics,8,451.28,3610.24,2023-04-23
206,9,Cloud Computing Textbook,Books,3,73.25,219.75,2023-06-05
207,9,Cloud Computing Textbook,Books,6,42.91,257.46,2023-03-17
208,7,Standing Desk (Electric),Furniture,4,473.3,1893.2,2023-10-12
209,5,USB-C Hub,Accessories,4,62.24,248.96,2023-06-07
210,12,Smartphone X,Electronics,10,1101.98,11019.8,2023-09-12
211,10,Noise Cancelling Headphones,Electronics,4,273.59,1094.36,2023-11-25
212,6,Office Chair Ergonomic,Furniture,7,368.19,2577.33,2023-08-24
213,5,USB-C Hub,Accessories,6,42.26,253.56,2023-01-30
214,4,"4K UHD Monitor 27""",Electronics,4,472.18,1888.72,2023-05-14
215,15,A4 Printing Paper (Ream),Office Supplies,9,11.47,103.23,2023-08-13
216,11,Webcam HD 1080p,Electronics,8,116.66,933.28,2023-12-05
217,9,Cloud Computing Textbook,Books,1,82.04,82.04,2023-03-21
218,15,A4 Printing Paper (Ream),Office Supplies,8,9.9,79.2,2023-07-09
219,2,Wireless Mouse,Electronics,1,29.91,29.91,2023-08-04
220,7,Standing Desk (Electric),Furniture,1,322.26,322.26,2023-04-21
221,13,Tablet S,Electronics,8,567.37,4538.96,2023-07-09
222,12,Smartphone X,Electronics,4,1164.27,4657.08,2023-01-14
223,4,"4K UHD Monitor 27""",Electronics,9,495.47,4459.23,2023-01-14
224,14,Printer All-in-One,Office Supplies,1,115.52,115.52,2023-06-02
225,1,"Laptop Pro 13""",Electronics,7,1288.79,9021.53,2023-08-19
226,6,Office Chair Ergonomic,Furniture,3,290.3,870.9,2023-01-08
227,7,Standing Desk (Electric),Furniture,1,444.13,444.13,2023-08-24
228,6,Office Chair Ergonomic,Furniture,4,362.61,1450.44,2023-09-24
229,10,Noise Cancelling Headphones,Electronics,4,221.15,884.6,2023-03-10
230,11,Webcam HD 1080p,Electronics,9,89.58,806.22,2023-12-27
231,11,Webcam HD 1080p,Electronics,1,51.5,51.5,2023-09-05
232,5,USB-C Hub,Accessories,6,41.98,251.88,2023-10-29
233,6,Office Chair Ergonomic,Furniture,1,180.47,180.47,2023-04-10
234,9,Cloud Computing Textbook,Books,9,87.63,788.67,2023-07-13
235,9,Cloud Computing Textbook,Books,5,87.38,436.9,2023-06-09
236,15,A4 Printing Paper (Ream),Office Supplies,7,9.7,67.9,2023-08-08
237,10,Noise Cancelling Headphones,Electronics,2,285.19,570.38,2023-05-19
238,2,Wireless Mouse,Electronics,6,48.98,293.88,2023-10-15
239,14,Printer All-in-One,Office Supplies,1,151.22,151.22,2023-12-15
240,4,"4K UHD Monitor 27""",Electronics,9,401.55,3613.95,2023-06-04
241,13,Tablet S,Electronics,1,438.43,438.43,2023-03-23
242,14,Printer All-in-One,Office Supplies,2,139.21,278.42,2023-05-13
243,10,Noise Cancelling Headphones,Electronics,5,119.99,599.95,2023-01-21
244,5,USB-C Hub,Accessories,10,35.38,353.8,2023-03-09
245,1,"Laptop Pro 13""",Electronics,10,937.14,9371.4,2023-09-21
246,13,Tablet S,Electronics,4,432.94,1731.76,2023-04-16
247,9,Cloud Computing Textbook,Books,9,74.7,672.3,2023-12-08
248,1,"Laptop Pro 13""",Electronics,2,1148.29,2296.58,2023-02-12
249,9,Cloud Computing Textbook,Books,9,59.57,536.13,2023-05-31
250,4,"4K UHD Monitor 27""",Electronics,2,332.72,665.44,2023-09-23
251,2,Wireless Mouse,Electronics,2,38.04,76.08,2023-10-12
252,2,Wireless Mouse,Electronics,4,48.69,194.76,2023-06-24
253,4,"4K UHD Monitor 27""",Electronics,1,314.16,314.16,2023-08-20
254,1,"Laptop Pro 13""",Electronics,6,1073.05,6438.3,2023-05-12
255,14,Printer All-in-One,Office Supplies,5,180.49,902.45,2023-07-18
256,3,Mechanical Keyboard,Electronics,5,198.3,991.5,2023-05-05
257,7,Standing Desk (Electric),Furniture,9,364.37,3279.33,2023-05-08
258,14,Printer All-in-One,Office Supplies,8,89.5,716.0,2023-10-22
259,3,Mechanical Keyboard,Electronics,5,83.38,416.9,2023-04-07
260,15,A4 Printing Paper (Ream),Office Supplies,2,14.73,29.46,2023-07-26
261,5,USB-C Hub,Accessories,6,58.6,351.6,2023-07-22
262,8,Python Programming Book,Books,6,55.16,330.96,2023-07-19
263,2,Wireless Mouse,Electronics,3,21.51,64.53,2023-07-03
264,7,Standing Desk (Electric),Furniture,6,525.35,3152.1,2023-08-28
265,6,Office Chair Ergonomic,Furniture,7,385.97,2701.79,2023-04-27
266,11,Webcam HD 1080p,Electronics,8,113.79,910.32,2023-08-23
267,6,Office Chair Ergonomic,Furniture,9,261.85,2356.65,2023-02-27
268,12,Smartphone X,Electronics,8,856.68,6853.44,2023-08-03
269,12,Smartphone X,Electronics,10,720.46,7204.6,2023-02-07
270,13,Tablet S,Electronics,4,371.41,1485.64,2023-03-23
271,7,Standing Desk (Electric),Furniture,5,656.28,3281.4,2023-09-01
272,10,Noise Cancelling Headphones,Electronics,8,125.03,1000.24,2023-08-09
273,5,USB-C Hub,Accessories,9,42.39,381.51,2023-03-19
274,3,Mechanical Keyboard,Electronics,4,109.28,437.12,2023-03-23
275,8,Python Programming Book,Books,6,54.73,328.38,2023-02-12
276,14,Printer All-in-One,Office Supplies,6,139.1,834.6,2023-01-04
277,2,Wireless Mouse,Electronics,6,26.83,160.98,2023-10-22
278,14,Printer All-in-One,Office Supplies,10,130.04,1300.4,2023-09-15
279,10,Noise Cancelling Headphones,Electronics,5,334.45,1672.25,2023-02-15
280,3,Mechanical Keyboard,Electronics,3,90.22,270.66,2023-12-15
281,4,"4K UHD Monitor 27""",Electronics,2,401.8,803.6,2023-07-25
282,1,"Laptop Pro 13""",Electronics,7,1366.9,9568.3,2023-06-27
283,15,A4 Printing Paper (Ream),Office Supplies,1,6.13,6.13,2023-01-24
284,10,Noise Cancelling Headphones,Electronics,6,129.2,775.2,2023-10-25
285,11,Webcam HD 1080p,Electronics,5,80.14,400.7,2023-12-02
286,9,Cloud Computing Textbook,Books,8,77.11,616.88,2023-01-15
287,6,Office Chair Ergonomic,Furniture,4,357.45,1429.8,2023-08-24
288,14,Printer All-in-One,Office Supplies,2,202.52,405.04,2023-04-05
289,4,"4K UHD Monitor 27""",Electronics,8,288.63,2309.04,2023-12-03
290,2,Wireless Mouse,Electronics,7,22.14,154.98,2023-10-17
291,11,Webcam HD 1080p,Electronics,6,98.85,593.1,2023-12-30
292,11,Webcam HD 1080p,Electronics,3,76.84,230.52,2023-07-25
293,2,Wireless Mouse,Electronics,5,47.79,238.95,2023-12-02
294,3,Mechanical Keyboard,Electronics,2,94.9,189.8,2023-10-30
295,1,"Laptop Pro 13""",Electronics,2,945.83,1891.66,2023-12-20
296,3,Mechanical Keyboard,Electronics,1,92.89,92.89,2023-12-26
297,11,Webcam HD 1080p,Electronics,8,44.34,354.72,2023-09-11
298,11,Webcam HD 1080p,Electronics,4,118.23,472.92,2023-01-28
299,12,Smartphone X,Electronics,3,702.36,2107.08,2023-09-18
300,14,Printer All-in-One,Office Supplies,6,245.12,1470.72,2023-11-18
301,8,Python Programming Book,Books,2,25.47,50.94,2023-03-29
302,4,"4K UHD Monitor 27""",Electronics,5,403.6,2018.0,2023-06-03
303,12,Smartphone X,Electronics,4,893.85,3575.4,2023-02-23
304,13,Tablet S,Electronics,1,620.17,620.17,2023-11-09
305,2,Wireless Mouse,Electronics,8,42.89,343.12,2023-09-23
306,12,Smartphone X,Electronics,5,991.0,4955.0,2023-07-02
307,12,Smartphone X,Electronics,7,683.18,4782.26,2023-06-20
308,12,Smartphone X,Electronics,3,917.24,2751.72,2023-12-30
309,15,A4 Printing Paper (Ream),Office Supplies,1,13.61,13.61,2023-08-28
310,6,Office Chair Ergonomic,Furniture,3,309.2,927.6,2023-10-05
311,5,USB-C Hub,Accessories,5,38.38,191.9,2023-11-27
312,7,Standing Desk (Electric),Furniture,6,503.66,3021.96,2023-09-24
313,7,Standing Desk (Electric),Furniture,6,497.95,2987.7,2023-12-03
314,2,Wireless Mouse,Electronics,7,49.9,349.3,2023-05-24
315,3,Mechanical Keyboard,Electronics,5,71.88,359.4,2023-06-23
316,7,Standing Desk (Electric),Furniture,6,322.05,1932.3,2023-09-27
317,13,Tablet S,Electronics,9,500.9,4508.1,2023-05-31
318,9,Cloud Computing Textbook,Books,5,44.53,222.65,2023-10-05
319,1,"Laptop Pro 13""",Electronics,1,1241.18,1241.18,2023-06-26
320,8,Python Programming Book,Books,6,61.98,371.88,2023-10-04
321,6,Office Chair Ergonomic,Furniture,3,237.5,712.5,2023-10-25
322,5,USB-C Hub,Accessories,4,36.22,144.88,2023-12-10
323,10,Noise Cancelling Headphones,Electronics,9,100.96,908.64,2023-02-01
324,12,Smartphone X,Electronics,5,654.85,3274.25,2023-07-29
325,2,Wireless Mouse,Electronics,6,48.53,291.18,2023-08-30
326,5,USB-C Hub,Accessories,8,41.03,328.24,2023-07-14
327,15,A4 Printing Paper (Ream),Office Supplies,8,9.47,75.76,2023-07-23
328,8,Python Programming Book,Books,6,56.38,338.28,2023-10-01
329,9,Cloud Computing Textbook,Books,2,59.54,119.08,2023-11-07
330,7,Standing Desk (Electric),Furniture,6,599.41,3596.46,2023-03-18
331,4,"4K UHD Monitor 27""",Electronics,8,390.37,3122.96,2023-09-01
332,13,Tablet S,Electronics,1,519.85,519.85,2023-04-08
333,1,"Laptop Pro 13""",Electronics,4,1194.27,4777.08,2023-04-15
334,4,"4K UHD Monitor 27""",Electronics,9,306.1,2754.9,2023-09-10
335,3,Mechanical Keyboard,Electronics,2,129.95,259.9,2023-03-24
336,10,Noise Cancelling Headphones,Electronics,1,212.25,212.25,2023-03-29
337,3,Mechanical Keyboard,Electronics,3,143.77,431.31,2023-05-24
338,1,"Laptop Pro 13""",Electronics,5,1000.66,5003.3,2023-11-10
339,11,Webcam HD 1080p,Electronics,3,117.74,353.22,2023-05-29
340,6,Office Chair Ergonomic,Furniture,10,383.24,3832.4,2023-07-11
341,2,Wireless Mouse,Electronics,6,32.66,195.96,2023-03-20
342,4,"4K UHD Monitor 27""",Electronics,2,308.93,617.86,2023-05-12
343,3,Mechanical Keyboard,Electronics,2,81.15,162.3,2023-11-28
344,11,Webcam HD 1080p,Electronics,10,104.06,1040.6,2023-08-12
345,10,Noise Cancelling Headphones,Electronics,7,115.16,806.12,2023-09-01
346,8,Python Programming Book,Books,4,45.37,181.48,2023-06-29
347,3,Mechanical Keyboard,Electronics,4,128.65,514.6,2023-10-28
348,12,Smartphone X,Electronics,3,640.58,1921.74,2023-01-08
349,11,Webcam HD 1080p,Electronics,6,108.98,653.88,2023-08-26
350,5,USB-C Hub,Accessories,10,53.39,533.9,2023-09-24
351,3,Mechanical Keyboard,Electronics,4,172.53,690.12,2023-01-03
352,1,"Laptop Pro 13""",Electronics,1,975.47,975.47,2023-02-07
353,6,Office Chair Ergonomic,Furniture,6,272.68,1636.08,2023-05-29
354,15,A4 Printing Paper (Ream),Office Supplies,5,7.92,39.6,2023-04-21
355,9,Cloud Computing Textbook,Books,2,53.06,106.12,2023-11-16
356,15,A4 Printing Paper (Ream),Office Supplies,9,10.81,97.29,2023-05-13
357,1,"Laptop Pro 13""",Electronics,5,1499.89,7499.45,2023-03-23
358,2,Wireless Mouse,Electronics,10,20.01,200.1,2023-02-02
359,15,A4 Printing Paper (Ream),Office Supplies,3,6.26,18.78,2023-06-28
360,6,Office Chair Ergonomic,Furniture,8,287.39,2299.12,2023-10-14
361,6,Office Chair Ergonomic,Furniture,9,240.3,2162.7,2023-12-30
362,4,"4K UHD Monitor 27""",Electronics,8,411.29,3290.32,2023-06-07
363,12,Smartphone X,Electronics,7,619.89,4339.23,2023-12-21
364,3,Mechanical Keyboard,Electronics,5,80.47,402.35,2023-12-21
365,4,"4K UHD Monitor 27""",Electronics,9,372.41,3351.69,2023-09-15
366,6,Office Chair Ergonomic,Furniture,7,322.0,2254.0,2023-08-14
367,3,Mechanical Keyboard,Electronics,4,155.6,622.4,2023-07-25
368,11,Webcam HD 1080p,Electronics,6,50.37,302.22,2023-01-21
369,15,A4 Printing Paper (Ream),Office Supplies,7,10.82,75.74,2023-10-01
370,4,"4K UHD Monitor 27""",Electronics,2,375.92,751.84,2023-01-22
371,5,USB-C Hub,Accessories,8,77.26,618.08,2023-07-24
372,14,Printer All-in-One,Office Supplies,9,159.24,1433.16,2023-12-18
373,14,Printer All-in-One,Office Supplies,10,168.6,1686.0,2023-12-16
374,5,USB-C Hub,Accessories,10,62.35,623.5,2023-04-27
375,11,Webcam HD 1080p,Electronics,5,113.71,568.55,2023-08-31
376,6,Office Chair Ergonomic,Furniture,2,190.38,380.76,2023-10-18
377,1,"Laptop Pro 13""",Electronics,1,1247.95,1247.95,2023-02-27
378,3,Mechanical Keyboard,Electronics,10,77.35,773.5,2023-01-28
379,7,Standing Desk (Electric),Furniture,1,578.29,578.29,2023-11-28
380,9,Cloud Computing Textbook,Books,3,88.9,266.7,2023-02-27
381,13,Tablet S,Electronics,6,676.76,4060.56,2023-02-28
382,12,Smartphone X,Electronics,9,867.48,7807.32,2023-04-08
383,11,Webcam HD 1080p,Electronics,5,42.41,212.05,2023-08-23
384,4,"4K UHD Monitor 27""",Electronics,3,328.79,986.37,2023-01-29
385,6,Office Chair Ergonomic,Furniture,2,336.04,672.08,2023-07-19
386,3,Mechanical Keyboard,Electronics,7,106.09,742.63,2023-12-28
387,2,Wireless Mouse,Electronics,8,38.85,310.8,2023-11-27
388,3,Mechanical Keyboard,Electronics,6,149.79,898.74,2023-04-12
389,4,"4K UHD Monitor 27""",Electronics,3,282.46,847.38,2023-05-06
390,7,Standing Desk (Electric),Furniture,10,629.79,6297.9,2023-04-10
391,1,"Laptop Pro 13""",Electronics,1,983.28,983.28,2023-06-15
392,14,Printer All-in-One,Office Supplies,5,200.26,1001.3,2023-01-14
393,8,Python Programming Book,Books,7,68.63,480.41,2023-01-08
394,13,Tablet S,Electronics,10,664.52,6645.2,2023-01-09
395,14,Printer All-in-One,Office Supplies,7,233.26,1632.82,2023-06-27
396,6,Office Chair Ergonomic,Furniture,3,232.69,698.07,2023-03-10
397,9,Cloud Computing Textbook,Books,4,49.42,197.68,2023-09-27
398,9,Cloud Computing Textbook,Books,9,55.57,500.13,2023-07-26
399,12,Smartphone X,Electronics,1,1026.93,1026.93,2023-10-02
400,3,Mechanical Keyboard,Electronics,4,140.57,562.28,2023-11-03
401,12,Smartphone X,Electronics,1,643.29,643.29,2023-09-15
402,7,Standing Desk (Electric),Furniture,5,540.8,2704.0,2023-10-19
403,1,"Laptop Pro 13""",Electronics,8,1010.03,8080.24,2023-07-11
404,14,Printer All-in-One,Office Supplies,9,81.87,736.83,2023-01-14
405,15,A4 Printing Paper (Ream),Office Supplies,3,5.42,16.26,2023-11-12
406,14,Printer All-in-One,Office Supplies,5,142.91,714.55,2023-07-01
407,3,Mechanical Keyboard,Electronics,6,197.52,1185.12,2023-05-20
408,7,Standing Desk (Electric),Furniture,2,473.45,946.9,2023-04-09
409,3,Mechanical Keyboard,Electronics,1,84.1,84.1,2023-09-27
410,6,Office Chair Ergonomic,Furniture,9,201.01,1809.09,2023-03-16
411,6,Office Chair Ergonomic,Furniture,7,268.64,1880.48,2023-12-27
412,6,Office Chair Ergonomic,Furniture,5,260.39,1301.95,2023-01-06
413,1,"Laptop Pro 13""",Electronics,4,1298.16,5192.64,2023-10-02
414,15,A4 Printing Paper (Ream),Office Supplies,4,9.33,37.32,2023-02-22
415,1,"Laptop Pro 13""",Electronics,5,1307.06,6535.3,2023-03-15
416,14,Printer All-in-One,Office Supplies,1,103.32,103.32,2023-02-24
417,15,A4 Printing Paper (Ream),Office Supplies,1,11.04,11.04,2023-01-20
418,4,"4K UHD Monitor 27""",Electronics,5,427.05,2135.25,2023-04-03
419,13,Tablet S,Electronics,1,569.56,569.56,2023-05-30
420,13,Tablet S,Electronics,1,323.02,323.02,2023-10-31
421,15,A4 Printing Paper (Ream),Office Supplies,3,11.27,33.81,2023-02-04
422,1,"Laptop Pro 13""",Electronics,7,1134.08,7938.56,2023-11-27
423,2,Wireless Mouse,Electronics,9,44.13,397.17,2023-02-19
424,4,"4K UHD Monitor 27""",Electronics,10,475.73,4757.3,2023-12-17
425,7,Standing Desk (Electric),Furniture,5,434.15,2170.75,2023-01-14
426,8,Python Programming Book,Books,1,57.45,57.45,2023-09-02
427,8,Python Programming Book,Books,3,50.27,150.81,2023-01-30
428,14,Printer All-in-One,Office Supplies,7,176.95,1238.65,2023-08-19
429,4,"4K UHD Monitor 27""",Electronics,5,287.01,1435.05,2023-02-27
430,4,"4K UHD Monitor 27""",Electronics,1,456.53,456.53,2023-12-11
431,1,"Laptop Pro 13""",Electronics,7,1499.12,10493.84,2023-06-25
432,11,Webcam HD 1080p,Electronics,4,51.72,206.88,2023-09-09
433,7,Standing Desk (Electric),Furniture,4,415.91,1663.64,2023-08-07
434,8,Python Programming Book,Books,6,52.05,312.3,2023-06-18
435,3,Mechanical Keyboard,Electronics,4,155.1,620.4,2023-04-28
436,8,Python Programming Book,Books,2,53.32,106.64,2023-10-13
437,10,Noise Cancelling Headphones,Electronics,3,174.93,524.79,2023-09-01
438,4,"4K UHD Monitor 27""",Electronics,4,335.07,1340.28,2023-12-27
439,14,Printer All-in-One,Office Supplies,1,221.37,221.37,2023-07-29
440,7,Standing Desk (Electric),Furniture,1,590.12,590.12,2023-05-06
441,6,Office Chair Ergonomic,Furniture,5,272.36,1361.8,2023-02-24
442,14,Printer All-in-One,Office Supplies,9,87.87,790.83,2023-01-28
443,8,Python Programming Book,Books,6,27.67,166.02,2023-03-31
444,15,A4 Printing Paper (Ream),Office Supplies,7,8.95,62.65,2023-03-15
445,5,USB-C Hub,Accessories,1,57.74,57.74,2023-02-09
446,10,Noise Cancelling Headphones,Electronics,9,111.31,1001.79,2023-07-02
447,14,Printer All-in-One,Office Supplies,4,221.12,884.48,2023-06-13
448,11,Webcam HD 1080p,Electronics,4,86.67,346.68,2023-09-26
449,13,Tablet S,Electronics,9,768.53,6916.77,2023-08-11
450,13,Tablet S,Electronics,3,460.7,1382.1,2023-02-20
451,11,Webcam HD 1080p,Electronics,1,109.55,109.55,2023-10-29
452,10,Noise Cancelling Headphones,Electronics,7,328.56,2299.92,2023-08-11
453,8,Python Programming Book,Books,3,52.74,158.22,2023-04-11
454,13,Tablet S,Electronics,1,660.66,660.66,2023-12-21
455,15,A4 Printing Paper (Ream),Office Supplies,4,6.84,27.36,2023-01-17
456,7,Standing Desk (Electric),Furniture,3,573.05,1719.15,2023-11-26
457,1,"Laptop Pro 13""",Electronics,10,926.29,9262.9,2023-02-23
458,14,Printer All-in-One,Office Supplies,6,141.29,847.74,2023-04-06
459,7,Standing Desk (Electric),Furniture,8,651.29,5210.32,2023-09-13
460,3,Mechanical Keyboard,Electronics,4,190.31,761.24,2023-08-24
461,11,Webcam HD 1080p,Electronics,2,81.54,163.08,2023-07-18
462,14,Printer All-in-One,Office Supplies,10,90.16,901.6,2023-04-25
463,15,A4 Printing Paper (Ream),Office Supplies,5,13.87,69.35,2023-04-07
464,10,Noise Cancelling Headphones,Electronics,8,243.07,1944.56,2023-04-13
465,10,Noise Cancelling Headphones,Electronics,9,164.43,1479.87,2023-08-15
466,12,Smartphone X,Electronics,1,1195.97,1195.97,2023-07-11
467,10,Noise Cancelling Headphones,Electronics,6,271.51,1629.06,2023-08-03
468,13,Tablet S,Electronics,10,442.58,4425.8,2023-01-28
469,10,Noise Cancelling Headphones,Electronics,8,265.91,2127.28,2023-07-03
470,7,Standing Desk (Electric),Furniture,10,328.68,3286.8,2023-03-06
471,11,Webcam HD 1080p,Electronics,7,104.08,728.56,2023-02-26
472,9,Cloud Computing Textbook,Books,10,71.15,711.5,2023-08-03
473,10,Noise Cancelling Headphones,Electronics,4,198.73,794.92,2023-12-28
474,12,Smartphone X,Electronics,9,996.32,8966.88,2023-07-25
475,13,Tablet S,Electronics,5,527.75,2638.75,2023-03-08
476,15,A4 Printing Paper (Ream),Office Supplies,5,7.15,35.75,2023-01-16
477,9,Cloud Computing Textbook,Books,5,78.96,394.8,2023-11-11
478,3,Mechanical Keyboard,Electronics,5,150.16,750.8,2023-01-19
479,8,Python Programming Book,Books,4,36.02,144.08,2023-12-24
480,2,Wireless Mouse,Electronics,7,40.62,284.34,2023-03-15
481,5,USB-C Hub,Accessories,5,63.39,316.95,2023-06-12
482,15,A4 Printing Paper (Ream),Office Supplies,1,11.15,11.15,2023-01-26
483,15,A4 Printing Paper (Ream),Office Supplies,10,5.13,51.3,2023-06-05
484,3,Mechanical Keyboard,Electronics,5,97.89,489.45,2023-04-22
485,12,Smartphone X,Electronics,9,1084.62,9761.58,2023-11-28
486,15,A4 Printing Paper (Ream),Office Supplies,5,5.93,29.65,2023-10-28
487,15,A4 Printing Paper (Ream),Office Supplies,7,5.62,39.34,2023-03-15
488,7,Standing Desk (Electric),Furniture,9,435.71,3921.39,2023-05-27
489,14,Printer All-in-One,Office Supplies,3,197.01,591.03,2023-01-23
490,13,Tablet S,Electronics,7,395.26,2766.82,2023-09-24
491,5,USB-C Hub,Accessories,9,34.37,309.33,2023-03-30
492,11,Webcam HD 1080p,Electronics,1,56.09,56.09,2023-01-19
493,15,A4 Printing Paper (Ream),Office Supplies,8,13.8,110.4,2023-04-12
494,1,"Laptop Pro 13""",Electronics,1,1301.1,1301.1,2023-08-13
495,1,"Laptop Pro 13""",Electronics,6,1233.71,7402.26,2023-06-08
496,9,Cloud Computing Textbook,Books,9,86.61,779.49,2023-12-25
497,2,Wireless Mouse,Electronics,9,36.43,327.87,2023-03-06
498,2,Wireless Mouse,Electronics,8,48.97,391.76,2023-11-30
499,4,"4K UHD Monitor 27""",Electronics,10,322.6,3226.0,2023-06-08
500,9,Cloud Computing Textbook,Books,1,57.31,57.31,2023-07-30
